Workbook

Sheet Vehicle Codes
A1: Vehicle ID | B1: Tehsil | C1: Type of Vehicle | D1: Old Registration Number | E1: Used For | F1: Parking Yard | G1: New Vehicle Code
A2: 58516 | B2: Multan-2 | C2: Tractor Trolley | D2: Z-TT-31 | E2: Bulk Waste Collection | G2: =IF(OR(B2="",C2="",E2="",F2=""),"",INDEX('Code Key'!$B$2:$B$10,MATCH(B2,'Code Key'!$A$2:$A$10,0))&"-"&INDEX('Code Key'!$E$2:$E$21,MATCH(F2,'Code Key'!$D$2:$D$21,0))&"-"&INDEX('Code Key'!$H$2:$H$36,MATCH(C2,'Code Key'!$G$2:$G$36,0))&"-"&INDEX('Code Key'!$K$2:$K$20,MATCH(E2,'Code Key'!$J$2:$J$20,0))&"-"&TEXT(COUNTIF($C$2:C2,C2),"000"))
A3: 58296 | B3: Multan-2 | C3: Gully Sucker | D3: SAR-GS-01 | E3: Landfill Site Fleet | G3: =IF(OR(B3="",C3="",E3="",F3=""),"",INDEX('Code Key'!$B$2:$B$10,MATCH(B3,'Code Key'!$A$2:$A$10,0))&"-"&INDEX('Code Key'!$E$2:$E$21,MATCH(F3,'Code Key'!$D$2:$D$21,0))&"-"&INDEX('Code Key'!$H$2:$H$36,MATCH(C3,'Code Key'!$G$2:$G$36,0))&"-"&INDEX('Code Key'!$K$2:$K$20,MATCH(E3,'Code Key'!$J$2:$J$20,0))&"-"&TEXT(COUNTIF($C$2:C3,C3),"000"))
A4: 57944 | B4: Multan-2 | C4: Tractor Trolley | D4: Z-TT-26 | E4: Bulk Waste Collection | G4: =IF(OR(B4="",C4="",E4="",F4=""),"",INDEX('Code Key'!$B$2:$B$10,MATCH(B4,'Code Key'!$A$2:$A$10,0))&"-"&INDEX('Code Key'!$E$2:$E$21,MATCH(F4,'Code Key'!$D$2:$D$21,0))&"-"&INDEX('Code Key'!$H$2:$H$36,MATCH(C4,'Code Key'!$G$2:$G$36,0))&"-"&INDEX('Code Key'!$K$2:$K$20,MATCH(E4,'Code Key'!$J$2:$J$20,0))&"-"&TEXT(COUNTIF($C$2:C4,C4),"000"))
A5: 57943 | B5: Multan-2 | C5: Tractor Trolley | D5: Z-TT-24 | E5: Bulk Waste Collection | G5: =IF(OR(B5="",C5="",E5="",F5=""),"",INDEX('Code Key'!$B$2:$B$10,MATCH(B5,'Code Key'!$A$2:$A$10,0))&"-"&INDEX('Code Key'!$E$2:$E$21,MATCH(F5,'Code Key'!$D$2:$D$21,0))&"-"&INDEX('Code Key'!$H$2:$H$36,MATCH(C5,'Code Key'!$G$2:$G$36,0))&"-"&INDEX('Code Key'!$K$2:$K$20,MATCH(E5,'Code Key'!$J$2:$J$20,0))&"-"&TEXT(COUNTIF($C$2:C5,C5),"000"))
A6: 56503 | B6: Multan-2 | C6: Tractor Trolley | D6: REN-TT-03 | E6: Bulk Waste Collection | G6: =IF(OR(B6="",C6="",E6="",F6=""),"",INDEX('Code Key'!$B$2:$B$10,MATCH(B6,'Code Key'!$A$2:$A$10,0))&"-"&INDEX('Code Key'!$E$2:$E$21,MATCH(F6,'Code Key'!$D$2:$D$21,0))&"-"&INDEX('Code Key'!$H$2:$H$36,MATCH(C6,'Code Key'!$G$2:$G$36,0))&"-"&INDEX('Code Key'!$K$2:$K$20,MATCH(E6,'Code Key'!$J$2:$J$20,0))&"-"&TEXT(COUNTIF($C$2:C6,C6),"000"))
A7: 56502 | B7: Multan-2 | C7: Tractor Trolley | D7: REN-TT-02 | E7: Bulk Waste Collection | G7: =IF(OR(B7="",C7="",E7="",F7=""),"",INDEX('Code Key'!$B$2:$B$10,MATCH(B7,'Code Key'!$A$2:$A$10,0))&"-"&INDEX('Code Key'!$E$2:$E$21,MATCH(F7,'Code Key'!$D$2:$D$21,0))&"-"&INDEX('Code Key'!$H$2:$H$36,MATCH(C7,'Code Key'!$G$2:$G$36,0))&"-"&INDEX('Code Key'!$K$2:$K$20,MATCH(E7,'Code Key'!$J$2:$J$20,0))&"-"&TEXT(COUNTIF($C$2:C7,C7),"000"))
A8: 56499 | B8: Multan-2 | C8: Tractor Trolley | D8: REN-TT-01 | E8: Bulk Waste Collection | G8: =IF(OR(B8="",C8="",E8="",F8=""),"",INDEX('Code Key'!$B$2:$B$10,MATCH(B8,'Code Key'!$A$2:$A$10,0))&"-"&INDEX('Code Key'!$E$2:$E$21,MATCH(F8,'Code Key'!$D$2:$D$21,0))&"-"&INDEX('Code Key'!$H$2:$H$36,MATCH(C8,'Code Key'!$G$2:$G$36,0))&"-"&INDEX('Code Key'!$K$2:$K$20,MATCH(E8,'Code Key'!$J$2:$J$20,0))&"-"&TEXT(COUNTIF($C$2:C8,C8),"000"))
A9: 56493 | B9: Multan-2 | C9: Loader Rickshaw | D9: LR-GHIL-15 | E9: Door To Door Collection | G9: =IF(OR(B9="",C9="",E9="",F9=""),"",INDEX('Code Key'!$B$2:$B$10,MATCH(B9,'Code Key'!$A$2:$A$10,0))&"-"&INDEX('Code Key'!$E$2:$E$21,MATCH(F9,'Code Key'!$D$2:$D$21,0))&"-"&INDEX('Code Key'!$H$2:$H$36,MATCH(C9,'Code Key'!$G$2:$G$36,0))&"-"&INDEX('Code Key'!$K$2:$K$20,MATCH(E9,'Code Key'!$J$2:$J$20,0))&"-"&TEXT(COUNTIF($C$2:C9,C9),"000"))
A10: 56491 | B10: Multan-2 | C10: Loader Rickshaw | D10: LR-GHIL-14 | E10: Door To Door Collection | G10: =IF(OR(B10="",C10="",E10="",F10=""),"",INDEX('Code Key'!$B$2:$B$10,MATCH(B10,'Code Key'!$A$2:$A$10,0))&"-"&INDEX('Code Key'!$E$2:$E$21,MATCH(F10,'Code Key'!$D$2:$D$21,0))&"-"&INDEX('Code Key'!$H$2:$H$36,MATCH(C10,'Code Key'!$G$2:$G$36,0))&"-"&INDEX('Code Key'!$K$2:$K$20,MATCH(E10,'Code Key'!$J$2:$J$20,0))&"-"&TEXT(COUNTIF($C$2:C10,C10),"000"))
A11: 56489 | B11: Multan-2 | C11: Loader Rickshaw | D11: LR-GHIL-13 | E11: Door To Door Collection | G11: =IF(OR(B11="",C11="",E11="",F11=""),"",INDEX('Code Key'!$B$2:$B$10,MATCH(B11,'Code Key'!$A$2:$A$10,0))&"-"&INDEX('Code Key'!$E$2:$E$21,MATCH(F11,'Code Key'!$D$2:$D$21,0))&"-"&INDEX('Code Key'!$H$2:$H$36,MATCH(C11,'Code Key'!$G$2:$G$36,0))&"-"&INDEX('Code Key'!$K$2:$K$20,MATCH(E11,'Code Key'!$J$2:$J$20,0))&"-"&TEXT(COUNTIF($C$2:C11,C11),"000"))
A12: 56487 | B12: Multan-2 | C12: Loader Rickshaw | D12: LR-GHIL-12 | E12: Commercial | G12: =IF(OR(B12="",C12="",E12="",F12=""),"",INDEX('Code Key'!$B$2:$B$10,MATCH(B12,'Code Key'!$A$2:$A$10,0))&"-"&INDEX('Code Key'!$E$2:$E$21,MATCH(F12,'Code Key'!$D$2:$D$21,0))&"-"&INDEX('Code Key'!$H$2:$H$36,MATCH(C12,'Code Key'!$G$2:$G$36,0))&"-"&INDEX('Code Key'!$K$2:$K$20,MATCH(E12,'Code Key'!$J$2:$J$20,0))&"-"&TEXT(COUNTIF($C$2:C12,C12),"000"))
A13: 56481 | B13: Multan-2 | C13: Loader Rickshaw | D13: LR-GHIL-11 | E13: Commercial | G13: =IF(OR(B13="",C13="",E13="",F13=""),"",INDEX('Code Key'!$B$2:$B$10,MATCH(B13,'Code Key'!$A$2:$A$10,0))&"-"&INDEX('Code Key'!$E$2:$E$21,MATCH(F13,'Code Key'!$D$2:$D$21,0))&"-"&INDEX('Code Key'!$H$2:$H$36,MATCH(C13,'Code Key'!$G$2:$G$36,0))&"-"&INDEX('Code Key'!$K$2:$K$20,MATCH(E13,'Code Key'!$J$2:$J$20,0))&"-"&TEXT(COUNTIF($C$2:C13,C13),"000"))
... A274: 423 | B274: Multan-2 | C274: Chain Arm Roll | D274: MNG-131 | E274: Container-Based Collection | G274: =IF(OR(B274="",C274="",E274="",F274=""),"",INDEX('Code Key'!$B$2:$B$10,MATCH(B274,'Code Key'!$A$2:$A$10,0))&"-"&INDEX('Code Key'!$E$2:$E$21,MATCH(F274,'Code Key'!$D$2:$D$21,0))&"-"&INDEX('Code Key'!$H$2:$H$36,MATCH(C274,'Code Key'!$G$2:$G$36,0))&"-"&INDEX('Code Key'!$K$2:$K$20,MATCH(E274,'Code Key'!$J$2:$J$20,0))&"-"&TEXT(COUNTIF($C$2:C274,C274),"000"))
G275: =IF(OR(B275="",C275="",E275="",F275=""),"",INDEX('Code Key'!$B$2:$B$10,MATCH(B275,'Code Key'!$A$2:$A$10,0))&"-"&INDEX('Code Key'!$E$2:$E$21,MATCH(F275,'Code Key'!$D$2:$D$21,0))&"-"&INDEX('Code Key'!$H$2:$H$36,MATCH(C275,'Code Key'!$G$2:$G$36,0))&"-"&INDEX('Code Key'!$K$2:$K$20,MATCH(E275,'Code Key'!$J$2:$J$20,0))&"-"&TEXT(COUNTIF($C$2:C275,C275),"000"))
G276: =IF(OR(B276="",C276="",E276="",F276=""),"",INDEX('Code Key'!$B$2:$B$10,MATCH(B276,'Code Key'!$A$2:$A$10,0))&"-"&INDEX('Code Key'!$E$2:$E$21,MATCH(F276,'Code Key'!$D$2:$D$21,0))&"-"&INDEX('Code Key'!$H$2:$H$36,MATCH(C276,'Code Key'!$G$2:$G$36,0))&"-"&INDEX('Code Key'!$K$2:$K$20,MATCH(E276,'Code Key'!$J$2:$J$20,0))&"-"&TEXT(COUNTIF($C$2:C276,C276),"000"))
G277: =IF(OR(B277="",C277="",E277="",F277=""),"",INDEX('Code Key'!$B$2:$B$10,MATCH(B277,'Code Key'!$A$2:$A$10,0))&"-"&INDEX('Code Key'!$E$2:$E$21,MATCH(F277,'Code Key'!$D$2:$D$21,0))&"-"&INDEX('Code Key'!$H$2:$H$36,MATCH(C277,'Code Key'!$G$2:$G$36,0))&"-"&INDEX('Code Key'!$K$2:$K$20,MATCH(E277,'Code Key'!$J$2:$J$20,0))&"-"&TEXT(COUNTIF($C$2:C277,C277),"000"))
G278: =IF(OR(B278="",C278="",E278="",F278=""),"",INDEX('Code Key'!$B$2:$B$10,MATCH(B278,'Code Key'!$A$2:$A$10,0))&"-"&INDEX('Code Key'!$E$2:$E$21,MATCH(F278,'Code Key'!$D$2:$D$21,0))&"-"&INDEX('Code Key'!$H$2:$H$36,MATCH(C278,'Code Key'!$G$2:$G$36,0))&"-"&INDEX('Code Key'!$K$2:$K$20,MATCH(E278,'Code Key'!$J$2:$J$20,0))&"-"&TEXT(COUNTIF($C$2:C278,C278),"000"))
G279: =IF(OR(B279="",C279="",E279="",F279=""),"",INDEX('Code Key'!$B$2:$B$10,MATCH(B279,'Code Key'!$A$2:$A$10,0))&"-"&INDEX('Code Key'!$E$2:$E$21,MATCH(F279,'Code Key'!$D$2:$D$21,0))&"-"&INDEX('Code Key'!$H$2:$H$36,MATCH(C279,'Code Key'!$G$2:$G$36,0))&"-"&INDEX('Code Key'!$K$2:$K$20,MATCH(E279,'Code Key'!$J$2:$J$20,0))&"-"&TEXT(COUNTIF($C$2:C279,C279),"000"))
G280: =IF(OR(B280="",C280="",E280="",F280=""),"",INDEX('Code Key'!$B$2:$B$10,MATCH(B280,'Code Key'!$A$2:$A$10,0))&"-"&INDEX('Code Key'!$E$2:$E$21,MATCH(F280,'Code Key'!$D$2:$D$21,0))&"-"&INDEX('Code Key'!$H$2:$H$36,MATCH(C280,'Code Key'!$G$2:$G$36,0))&"-"&INDEX('Code Key'!$K$2:$K$20,MATCH(E280,'Code Key'!$J$2:$J$20,0))&"-"&TEXT(COUNTIF($C$2:C280,C280),"000"))
G281: =IF(OR(B281="",C281="",E281="",F281=""),"",INDEX('Code Key'!$B$2:$B$10,MATCH(B281,'Code Key'!$A$2:$A$10,0))&"-"&INDEX('Code Key'!$E$2:$E$21,MATCH(F281,'Code Key'!$D$2:$D$21,0))&"-"&INDEX('Code Key'!$H$2:$H$36,MATCH(C281,'Code Key'!$G$2:$G$36,0))&"-"&INDEX('Code Key'!$K$2:$K$20,MATCH(E281,'Code Key'!$J$2:$J$20,0))&"-"&TEXT(COUNTIF($C$2:C281,C281),"000"))
G282: =IF(OR(B282="",C282="",E282="",F282=""),"",INDEX('Code Key'!$B$2:$B$10,MATCH(B282,'Code Key'!$A$2:$A$10,0))&"-"&INDEX('Code Key'!$E$2:$E$21,MATCH(F282,'Code Key'!$D$2:$D$21,0))&"-"&INDEX('Code Key'!$H$2:$H$36,MATCH(C282,'Code Key'!$G$2:$G$36,0))&"-"&INDEX('Code Key'!$K$2:$K$20,MATCH(E282,'Code Key'!$J$2:$J$20,0))&"-"&TEXT(COUNTIF($C$2:C282,C282),"000"))
G283: =IF(OR(B283="",C283="",E283="",F283=""),"",INDEX('Code Key'!$B$2:$B$10,MATCH(B283,'Code Key'!$A$2:$A$10,0))&"-"&INDEX('Code Key'!$E$2:$E$21,MATCH(F283,'Code Key'!$D$2:$D$21,0))&"-"&INDEX('Code Key'!$H$2:$H$36,MATCH(C283,'Code Key'!$G$2:$G$36,0))&"-"&INDEX('Code Key'!$K$2:$K$20,MATCH(E283,'Code Key'!$J$2:$J$20,0))&"-"&TEXT(COUNTIF($C$2:C283,C283),"000"))
G284: =IF(OR(B284="",C284="",E284="",F284=""),"",INDEX('Code Key'!$B$2:$B$10,MATCH(B284,'Code Key'!$A$2:$A$10,0))&"-"&INDEX('Code Key'!$E$2:$E$21,MATCH(F284,'Code Key'!$D$2:$D$21,0))&"-"&INDEX('Code Key'!$H$2:$H$36,MATCH(C284,'Code Key'!$G$2:$G$36,0))&"-"&INDEX('Code Key'!$K$2:$K$20,MATCH(E284,'Code Key'!$J$2:$J$20,0))&"-"&TEXT(COUNTIF($C$2:C284,C284),"000"))
G285: =IF(OR(B285="",C285="",E285="",F285=""),"",INDEX('Code Key'!$B$2:$B$10,MATCH(B285,'Code Key'!$A$2:$A$10,0))&"-"&INDEX('Code Key'!$E$2:$E$21,MATCH(F285,'Code Key'!$D$2:$D$21,0))&"-"&INDEX('Code Key'!$H$2:$H$36,MATCH(C285,'Code Key'!$G$2:$G$36,0))&"-"&INDEX('Code Key'!$K$2:$K$20,MATCH(E285,'Code Key'!$J$2:$J$20,0))&"-"&TEXT(COUNTIF($C$2:C285,C285),"000"))
G286: =IF(OR(B286="",C286="",E286="",F286=""),"",INDEX('Code Key'!$B$2:$B$10,MATCH(B286,'Code Key'!$A$2:$A$10,0))&"-"&INDEX('Code Key'!$E$2:$E$21,MATCH(F286,'Code Key'!$D$2:$D$21,0))&"-"&INDEX('Code Key'!$H$2:$H$36,MATCH(C286,'Code Key'!$G$2:$G$36,0))&"-"&INDEX('Code Key'!$K$2:$K$20,MATCH(E286,'Code Key'!$J$2:$J$20,0))&"-"&TEXT(COUNTIF($C$2:C286,C286),"000"))
... G600: =IF(OR(B600="",C600="",E600="",F600=""),"",INDEX('Code Key'!$B$2:$B$10,MATCH(B600,'Code Key'!$A$2:$A$10,0))&"-"&INDEX('Code Key'!$E$2:$E$21,MATCH(F600,'Code Key'!$D$2:$D$21,0))&"-"&INDEX('Code Key'!$H$2:$H$36,MATCH(C600,'Code Key'!$G$2:$G$36,0))&"-"&INDEX('Code Key'!$K$2:$K$20,MATCH(E600,'Code Key'!$J$2:$J$20,0))&"-"&TEXT(COUNTIF($C$2:C600,C600),"000"))

Sheet Code Key
A1: Tehsil | B1: Code | D1: Parking Yard | E1: Code | G1: Type of Vehicle | H1: Code | J1: Used For | K1: Code
A2: Multan-2 | B2: MT2 | G2: Chain Arm Roll | H2: CA | J2: Bulk Waste Collection | K2: BW
G3: Chain Dozer | H3: CD | J3: Commercial | K3: CO
G4: Compactor (7CM) | H4: CM | J4: Container-Based Collection | K4: CB
G5: Container Carrier | H5: CC | J5: Door To Door Collection | K5: DT
G6: Dumper (10CM) | H6: D1 | J6: Landfill Site Fleet | K6: LF
G7: Dumper (20CM) | H7: D2 | J7: Sweeping | K7: SW
G8: Dumper (25CM) | H8: D3 | J8: TCP Fleet | K8: TC
G9: Front End Loader | H9: FL | J9: Washing | K9: WA
G10: Heavy Loader | H10: HL | J10: De-Silting | K10: DS
G11: Loader Rickshaw | H11: LR
G12: Mechanical Sweeper | H12: MS
G13: Tractor Front Blade | H13: TB
G14: Tractor Loader | H14: TL
G15: Tractor Trolley | H15: TT
G16: Vacuum sweeper | H16: VS
G17: Water Bowzer | H17: WB
G18: Wheel Excavator | H18: WE
G19: Gully Sucker | H19: GS
G20: Drain Cleaner | H20: DC
G21: Rickshaw Shower | H21: RS
A39: New Vehicle Code format: TEHSIL-YARD-TYPE-USEDFOR-NUMBER (e.g. MT2-<YARD>-TT-BW-001)
A40: NUMBER = running count 001, 002... per Type of Vehicle only, fleet-wide, in row order on the Vehicle Codes sheet.
A41: Add a new vehicle type/yard/use here first if it isn't in the list yet, then it will appear in the dropdowns on the Vehicle Codes sheet.
A42: Parking Yard names for Multan-2 are not yet filled in. Add them under 'Parking Yard' above -- until then, New Vehicle Code stays blank for rows missing a yard.
